id	date	metric	hypothesis	change	before	after	delta	tests	verdict	commit	note
H0	2026-10-10	all	baseline	harness only: e2e/bench/load.ts, e2e/bench/shift.ts; fixture build matches prod (post-export + precompress)	-	see README baseline	-	typecheck+lint+1028 unit green; e2e 71/74 (3 pre-existing failures)	kept	(this commit)	fixture e2e failures composer-upload:40, visual:125, visual:580 fail on unmodified tree too
H1	2026-10-10	1a list first-visit p75 (prod data)	listPeople (440 KB) subscribed at boot by hidden Contacts workspace competes with the first conversation page on one socket	mount ContactsWorkspace on first visit, keep it mounted after	prod 936-1383 ms (p50 911-1027)	preview 753-815 ms (p50 719-757)	about -27% p75, -22% p50; 3 interleaved A/B rounds of 5, no overlap between sides	typecheck green; e2e visual+toast 31 pass, 2 pre-existing failures; new ratchet passes with change and fails without	kept	c744ed02	boot payload 2.2 MB -> 1.8 MB in first 8 s. Return-visit list unaffected (snapshot path). Fixture cannot see it: its identity layer is in-memory
E1	2026-10-10	gate	fixture e2e had 3 stale failures; H1 exposed 3 tests counting rows mid-batch	update 2 stale assertions; pin element handles in hover test; settledCount helper for row counts	71/74 pass	75/75 pass	+4	full fixture e2e green	kept	b0dedd12	tests only, no app change
H4	2026-10-10	2 optimistic count; e2e/bench/optimistic.ts	tapback overlay was discarded under remote rows; unsend/delete/edit waited for enqueue and never saw bridge failure	pending-edits overlay (react/retract/edit intents keyed by guid) above live and anchored paths; runCommand with visible rollback	tapback add p75 298 ms, remove 465 ms, unsend 399 ms	15 ms each (one frame)	-95%	typecheck, lint, 1040 unit, fixture e2e 77/77; rollback e2e and 50 ms ratchet fail on old build, pass on new	kept	3bf6fd43	non-optimistic count 84 -> 80. Edit and delete covered by unit tests only. Suspect: bridge-normalized edit text would hold overlay until chat switch (inferred)
H2	2026-10-10	1c open right after load (prod)	open queues behind background list paging (40 updates, 1.8 MB)	defer first loadMore 2 s + idle; pause paging while a thread first page loads	prod A open p75 return 449/318/452, first 229/196/286	preview B return 330/380/470, first 173/253/185	no separation from noise; first-visit idle sweep B slower	gate green; unit test + ratchet written for it	reverted	6c6a3730 (unmerged branch)	trace-open.ts shows return-visit open waits on socket Connect after /api/convex-token + auth (405-498 ms), not paging. Kept the trace tool. Next: overlap token fetch with bundle
H3	2026-10-10	3a layout shifts after first paint (fixture, desktop)	Ionicons and header font register after first paint; counts paint 0 then real; RollingNumber zero-width until measured	load fonts at module scope before first render; counts null until list arrives with reserved 2-digit slot; RollingNumber renders plain number until measured	median first 5-7, return 8, hold 7-10	0 in all three modes	-100%	gate 78/78; ratchet fails on old build (38 header shifts) passes on new; load A/B list p75 first 489-610 vs 484-564, return 224-307 vs 222-302 (no cost); settled screenshots byte-identical light/dark 1440/390	kept	ab4226b7	phone width 390 still median 5 shifts in boot:other (unnamed region); next item
H7	2026-10-10	3a layout shifts (prod return visit)	prod still shifts the header after H3 because /assets/*.ttf are served no-cache: each load revalidates Ionicons and the header font, which register after first paint	serve content-hashed /assets/ files public, max-age=31536000, immutable	fixture tailnet return median 6 (header 25, other 5)	0	-100%	unit 1041; e2e 78/78; static-cache test fails without it; load A/B list p75 224/226 vs 221/224 (no cost)	kept	ec8d5eda	scratch branch preview cannot start server changes (missing root convex dep on Mini) so measured on fixture with real server code, then prod after deploy
H8	2026-10-10	3a layout shifts (prod return visit)	first live page (25 rows) replaces the localStorage snapshot (up to 300), lens counts drop 33 -> 8 and climb back over 1.5 s, tab widths shift each step	until pagination is Exhausted show live rows plus snapshot rows older than the oldest live row (bridgeSnapshot)	prod A median 6 per load (header 12, list 6 over 3 runs) x3 rounds	preview B 0, 0, 0	-100%	unit 1045 (2 new bridge tests fail on old logic); e2e 78/78; load A/B list p75 A 174-312 vs B 250-301, open p75 A 311-546 vs B 428-540 (overlapping, no cost)	kept	79c2b20d	fixture cannot show it: 18 chats fit one page. Ratchet is the unit test
H9	2026-10-10	3a layout shifts (prod first visit)	counts change digit count as pages arrive (8, 16, 24, 44) and each change moves Waiting and All	count slot min-width 2ch, right-aligned	prod A medians 7, 5, 8	preview B 2, 4, 4	about -50%	unit 1045; e2e 78/78; load A/B first-visit list p75 745/788 vs 733/735 (no cost); settled header within 1 px antialias at 1440, same glyphs	kept	53308655	left: cold-cache font swap shifts search input 4 px and the empty-pane icon (fonts arrive about 360 ms, after first paint); row age text (e.g. 4m to 42s) changes width in conversation-list-scroll
H10	2026-10-10	3a layout shifts (prod first visit)	cold-cache fonts start after the bundle (about 386 ms) and register after first paint, moving the search input and empty-pane icon	preload Ionicons and header font from index.html (post-export)	A shift medians 2, 2, 7; list p50 median 719	B shift medians 2, 2, 2 (header 6 to 3 per run); list p50 median 787	shift small win, load +68 ms p50	unit pass; fonts fetched once and done before first paint; rank-sum A<B 42 of 49 pairs	reverted	2f10a513; landed by mistake under 4dec178d, removed in e515c646	preload of 185 KB fonts competes with the 740 KB bundle on the same link. Better lever: make the bundle smaller, or subset Ionicons to the glyphs used
